daily_avg_impressions,daily_std_impressions,ctr,video_completion_rate,trend_ratio,trend,total_impressions,total_clicks,total_days
5633852.764583333,3252505.3475491726,0.009792249743358709,0.9726004070274008,0.0003057030040104519,DOWN,2704249327,12064173,480
