daily_avg_impressions,daily_std_impressions,ctr,video_completion_rate,trend_ratio,trend,total_impressions,total_clicks,total_days
5868925.705653021,3363944.0381528046,0.009603686125921784,0.9727419018532104,0.0002779773766529638,DOWN,3010758887,13193086,513
